truetaxa,del13c,del13c_se,n,min,max,del13c_sd,del13c_var,genus,species,altname,altgenus,altspecies,division,author
Acanthophora spicifera,-12,1.9,2,-13.9,-10.1,2.6870057685,7.22,Acanthophora,spicifera,,,,Rhodophyta,
Acrosorium yendoi,-31.5,,1,-31.5,-31.5,,,Acrosorium,yendoi,,,,Rhodophyta,
Acrotylus australis,-30.45,,1,-30.45,-30.45,,,Acrotylus,australis,,,,Rhodophyta,
Actinotrichia fragilis,-13.64,,1,-13.64,-13.64,,,Actinotrichia,fragilis,,,,Rhodophyta,
Aglaothamnion sepositum,-28.96,,1,-28.96,-28.96,,,Aglaothamnion,sepositum,,,,Rhodophyta,
Ahnfeltia plicata,-18.4266666667,1.2145826901,3,-20.82,-16.87,2.1037189293,4.4256333333,Ahnfeltia,plicata,,,,Rhodophyta,
Amansia glomerata,-17.55,0.4625,2,,,,,Amansia,glomerata,,,,Rhodophyta,Diaz-Pulido_etal_2016
Amphiroa foliacea,-13.7,,1,-13.7,-13.7,,,Amphiroa,foliacea,,,,Rhodophyta,
Amphiroa fragilissima,-13.76,0.2036,5,,,,,Amphiroa,fragilissima,,,,Rhodophyta,Diaz-Pulido_etal_2016
Anotrichium crinitum,-30.9925,0.3890881434,4,-31.8,-30,0.7781762868,0.6055583333,Anotrichium,crinitum,,,,Rhodophyta,
Apophlaea lyallii,-11.32,,1,-11.32,-11.32,,,Apophlaea,lyallii,,,,Rhodophyta,
Asparagopsis armata,-29.485,0.1863911657,4,-29.74,-28.94,0.3727823315,0.1389666667,Asparagopsis,armata,,,,Rhodophyta,
Asparagopsis taxiformis,-28,,1,-28,-28,,,Asparagopsis,taxiformis,Asparogopsis taxiformis,Asparaogopsis,taxiformis,Rhodophyta,
Audouinella floridula,-17.13,,1,-17.13,-17.13,,,Audouinella,floridula,,,,Rhodophyta,
Ballia callitricha,-32.86,0.5435377938,3,-33.83,-31.95,0.9414350748,0.8863,Ballia,callitricha,,,,Rhodophyta,
Bonnemaisonia hamifera,-28.8533333333,0.7877464341,3,-30.15,-27.43,1.3644168474,1.8616333333,Bonnemaisonia,hamifera,Trailliella intricata,Trailliella,intricata,Rhodophyta,
Bornetia secundiflora,-28.87,,1,-28.87,-28.87,,,Bornetia,secundiflora,,,,Rhodophyta,
Bostrychia arbuscula,-30.0933333333,0.3096413696,3,-30.65,-29.58,0.5363145843,0.2876333333,Bostrychia,arbuscula,Stictosiphonia arbuscula,Stictosiphonia,arbuscula,Rhodophyta,
Bostrychia scorpioides,-30.87,,1,-30.87,-30.87,,,Bostrychia,scorpoiodes,,,,Rhodophyta,
Botryocladia botryoides,-27.59,,1,-27.59,-27.59,,,Botryocladia,botryoides,,,,Rhodophyta,
Brongniartella australis,-19.35,1.15,2,-20.5,-18.2,1.6263455967,2.645,Brongniartella,australis,,,,Rhodophyta,
Brongniartella byssoides,-26.48,,1,-26.48,-26.48,,,Brongniartella,byssoides,,,,Rhodophyta,
Callithamnion corymbosum,-30.42,,1,-30.42,-30.42,,,Callithamnion,corymbosum,,,,Rhodophyta,
Callithamnion pikeanum,-31.1075,,1,-31.11,-31.11,,,Callithamnion,pikeanum,,,,Rhodophyta,
Callithamnion tetragonum,-27.645,2.825,2,-30.47,-24.82,3.9951533137,15.96125,Callithamnion,tetragonum,,,,Rhodophyta,
Callophycus harveyanus,-17.36,,1,-17.36,-17.36,,,Callophycus,harveyanus,,,,Rhodophyta,
Callophycus oppositifolius,-34.23,,1,-34.23,-34.23,,,Callophycus,oppositifolius,,,,Rhodophyta,
Callophyllis calliblephrioides,-16.71,,1,-16.71,-16.71,,,Callophyllis,calliblephrioides,Callophyllus calliblephrioides,Callophyllus,calliblephrioides,Rhodophyta,
Callophyllis cervicornis,-33.13,,1,-33.13,-33.13,,,Callophyllis,cervicornis,,,,Rhodophyta,
Callophyllis cristata,-33.61,,1,-33.61,-33.61,,,Callophyllis,cristata,Callophyllus cristata,Callophyllus,cristata,Rhodophyta,
Callophyllis depressa,-31.7666666667,0.4096068576,3,-32.4,-31,0.7094598885,0.5033333333,Callophyllis,depressa,,,,Rhodophyta,
Callophyllis laciniata,-34.514,0.5369878956,5,-36,-32.86,1.2007414376,1.44178,Callophyllis,laciniata,Callophyllus laciniata,Callophyllus,laciniata,Rhodophyta,
Callophyllis lambertii,-33.64,0.39,2,-34.03,-33.25,0.5515432893,0.3042,Callophyllis,lambertii,,,,Rhodophyta,
Callophyllis rangiferina,-33.795,0.175,2,-33.97,-33.62,0.2474873734,0.06125,Callophyllis,rangiferina,,,,Rhodophyta,
Catenella caespitosa,-29.51,,1,-29.51,-29.51,,,Catenella,caespitosa,,,,Rhodophyta,
Ceramium rubrum,-18.0566666667,1.1627257248,6,-21.68,-13.09,2.8480847366,8.1115866667,Ceramium,rubrum,,,,Rhodophyta,
Ceramium shuttleworthianum,-19.195,0.065,2,-19.26,-19.13,0.0919238816,0.00845,Ceramium,shuttleworthianum,,,,Rhodophyta,
Champia compressa,-18.9,0.2,1,-18.9,-18.9,,,Champia,compressa,,,,Rhodophyta,Diaz-Pulido_etal_2016
Chondracanthus acicularis,-19.89,,1,-19.89,-19.89,,,Chondracanthus,acicularis,,,,Rhodophyta,
Chondracanthus tenellus,-18.8,,1,-18.8,-18.8,,,Chondracanthus,tenellus,,,,Rhodophyta,
Chondria dasyphylla,-16.11,,1,-16.11,-16.11,,,Chondria,dasyphylla,,,,Rhodophyta,
Chondria incrassata,-20.74,,1,-20.74,-20.74,,,Chondria,incrassata,,,,Rhodophyta,
Chondrus crispus,-19.8345454545,0.9140622255,11,-24.11,-14.2,3.031601437,9.1906072727,Chondrus,crispus,,,,Rhodophyta,
Chondrus ocellatus,-18.6,,1,-18.6,-18.6,,,Chondrus,ocellatus,,,,Rhodophyta,
Chylocladia verticillata,-10.22,,1,-10.22,-10.22,,,Chylocladia,verticillata,,,,Rhodophyta,
Corallina elongata,-22.04,0.8405950273,5,-23.6,-19.7,1.8796276227,3.533,Corallina,elongata,,,,Rhodophyta,
Corallina frondescens,-20.46275,,1,-20.46,-20.46,,,Corallina,frondescens,,,,Rhodophyta,
Corallina officinalis,-13.847,1.3693372687,10,-23.03,-9.61,4.3302246542,18.7508455556,Corallina,officinalis,Corallina chilensis,Corallina,chilensis,Rhodophyta,
Corallina pinatifolia,-7.45,,1,-7.45,-7.45,,,Corallina,pinatifolia,,,,Rhodophyta,
Corallina vancouveriensis,-5.69,,1,-5.69,-5.69,,,Corallina,vancouveriensis,,,,Rhodophyta,
Craspedocarpus venosus,-35.045,0.375,2,-35.42,-34.67,0.5303300859,0.28125,Craspedocarpus,venosus,,,,Rhodophyta,
Cryptopleura ramosa,-32.93,1.29,2,-34.22,-31.64,1.8243354955,3.3282,Cryptopleura,ramosa,,,,Rhodophyta,
Cryptopleura ruprechtiana,-33.4933333333,,1,-33.49,-33.49,,,Cryptopleura,ruprechtiana,,,,Rhodophyta,
Cumagloia andersonii,-16.2325,,1,-16.23,-16.23,,,Cumagloia,andersonii,,,,Rhodophyta,
Curdiea angustata,-32.8775,0.8501311173,4,-34.67,-30.57,1.7002622347,2.8908916667,Curdiea,angustata,,,,Rhodophyta,
Curdiea racovitzae,-15.99,,1,-15.99,-15.99,,,Curdiea,racovitzae,,,,Rhodophyta,
Cystoclonium purpureum,-13.88,,1,-13.88,-13.88,,,Cystoclonium,purpureum,,,,Rhodophyta,
Dasya corymbifera,-34.29,,1,-34.29,-34.29,,,Dasya,corymbifera,,,,Rhodophyta,
Dasya iridescens,-15.55,0.0325,2,,,,,Dasya,iridescens,,,,Rhodophyta,Diaz-Pulido_etal_2016
Delesseria sanguinea,-33.505,0.320454262,14,-35.4,-31.51,1.1990300567,1.4376730769,Delesseria,sanguinea,,,,Rhodophyta,
Delesseria serrulata,-34.8,,1,-34.8,-34.8,,,Delesseria,serrulata,,,,Rhodophyta,
Delisea hypneoides,-32.92,,1,-32.92,-32.92,,,Delisea,hypneoides,,,,Rhodophyta,
Delisea plumosa,-33.335,1.165,2,-34.5,-32.17,1.6475588002,2.71445,Delisea,plumosa,,,,Rhodophyta,
Delisea pulchra,-33.325,0.705,2,-34.03,-32.62,0.9970205615,0.99405,Delisea,pulchra,,,,Rhodophyta,
Dichotomaria marginata,-18.2,,1,-18.2,-18.2,,,Dichotomaria,marginata,,,,Rhodophyta,
Dictyomenia sonderi,-17.255,0.185,2,-17.44,-17.07,0.261629509,0.06845,Dictyomenia,sonderi,,,,Rhodophyta,
Digenea simplex,-18,,1,-18,-18,,,Digenea,simplex,Digenia simplex,Digenia,simplex,Rhodophyta,
Dilsea carnosa,-19.6975,2.0242586091,4,-22.9,-14.33,4.0485172183,16.3904916667,Dilsea,carnosa,,,,Rhodophyta,
Dilsea pygmaea,-16.846,,1,-16.85,-16.85,,,Dilsea,pygmaea,,,,Rhodophyta,
Dumontia contorta,-14.402,1.3370953594,5,-19.1,-11.03,2.9898361159,8.93912,Dumontia,contorta,,,,Rhodophyta,
Echinothamnion australis,-21.2,,1,-21.2,-21.2,,,Echinothamnion,australis,,,,Rhodophyta,
Echinothamnion lyallii,-22.32,,1,-22.32,-22.32,,,Echinothamnion,lyallii,,,,Rhodophyta,
Endocladia muricata,-18.4306,,1,-18.43,-18.43,,,Endocladia,muricata,,,,Rhodophyta,
Euptilota articulata,-31.96,0.48,2,-32.44,-31.48,0.6788225099,0.4608,Euptilota,articulata,,,,Rhodophyta,
Euptilota formosissima,-33.12,,1,-33.12,-33.12,,,Euptilota,formosissima,,,,Rhodophyta,
Furcellaria lumbricalis,-20.985,3.885,2,-24.87,-17.1,5.4942196898,30.18645,Furcellaria,lumbricalis,,,,Rhodophyta,
Galaxaura marginata,-12.925,3.275,2,-16.2,-9.65,4.6315494168,21.45125,Galaxaura,marginata,,,,Rhodophyta,
Galaxaura rugosa,-17.45,0.005,2,,,,,Galaxaura,rugosa,,,,Rhodophyta,Diaz-Pulido_etal_2016
Gelidium amansii,-16.8,,1,-16.8,-16.8,,,Gelidium,amansii,,,,Rhodophyta,
Gelidium australe,-24.52,,1,-24.52,-24.52,,,Gelidium,australe,,,,Rhodophyta,
Gelidium latiflium,-15.86,,1,-15.86,-15.86,,,Gelidium,latiflium,,,,Rhodophyta,
Gelidium pristoides,-12.7532467532,,1,-12.75,-12.75,,,Gelidium,pristoides,,,,Rhodophyta,
Gelidium spinosum,-17.3,,1,-17.3,-17.3,,,Gelidium,spinosum,,,,Rhodophyta,
Georgiella confluens,-32.3766666667,1.4634472241,3,-35.3,-30.79,2.5347649464,6.4250333333,Georgiella,confluens,,,,Rhodophyta,
Gibsmithia hawaiiensis,-28.5,0,1,-28.5,-28.5,,,Gibsmithia,hawaiiensis,,,,Rhodophyta,Diaz-Pulido_etal_2016
Gigartina acicularis,-17.6775,1.2604256887,4,-19.9,-14.51,2.5208513773,6.3546916667,Gigartina,acicularis,,,,Rhodophyta,
Gigartina circumcincta,-21.68,,1,-21.68,-21.68,,,Gigartina,circumcincta,,,,Rhodophyta,
Gigartina clavifera,-13.535,0.975,2,-14.51,-12.56,1.3788582233,1.90125,Gigartina,clavifera,,,,Rhodophyta,
Gigartina dilitata,-19.1,,1,-19.1,-19.1,,,Gigartina,dilitata,,,,Rhodophyta,
Gigartina livida,-15.955,0.225,2,-16.18,-15.73,0.3181980515,0.10125,Gigartina,livida,,,,Rhodophyta,
Gigartina marginifera,-16.15,,1,-16.15,-16.15,,,Gigartina,marginifera,,,,Rhodophyta,
Gigartina skottsbergii,-16.7,1.1745779384,3,-18.33,-14.42,2.0344286667,4.1389,Gigartina,skottsbergii,,,,Rhodophyta,
Gloiocladia polycarpa,-33.04,,1,-33.04,-33.04,,,Gloiocladia,polycarpa,,,,Rhodophyta,
Gloiopeltis tenax,-20.4,,1,-20.4,-20.4,,,Gloiopeltis,tenax,,,,Rhodophyta,
Gloiosaccion brownii,-33.99,,1,-33.99,-33.99,,,Gloiosaccion,brownii,,,,Rhodophyta,
Gloiosiphonia capillaries,-17.4,,1,-17.4,-17.4,,,Gloiosiphonia,capillaries,,,,Rhodophyta,
Gracilaria arcuata,-16.8,,1,-16.8,-16.8,,,Gracilaria,arcuata,,,,Rhodophyta,
Gracilaria bursa-pastoris,-14.82,,1,-14.82,-14.82,,,Gracilaria,bursa-pastoris,Gracilaria compressa,Gracilaria,compressa,Rhodophyta,
Gracilaria chilensis,-17,,1,-17,-17,,,Gracilaria,chilensis,,,,Rhodophyta,
Gracilaria coronopifolia,-17.1,,1,-17.1,-17.1,,,Gracilaria,coronopifolia,,,,Rhodophyta,
Gracilaria gigas,-25.5,,1,-25.5,-25.5,,,Gracilaria,gigas,,,,Rhodophyta,
Gracilaria gracilis,-19.4566666667,1.195914341,3,-21.8,-17.87,2.0713844002,4.2906333333,Gracilaria,gracilis,Gracilaria gracillis,Gracilaria,gracillis,Rhodophyta,
Gracilaria salicornia,-27.4,,1,-27.4,-27.4,,,Gracilaria,salicornia,,,,Rhodophyta,
Gracilaria secundata,-26.5033333333,5.9142915421,3,-32.93,-14.69,10.2438534416,104.9365333333,Gracilaria,secundata,,,,Rhodophyta,
Gracilaria tikviahae,-16.9,,1,-16.9,-16.9,,,Gracilaria,tikviahae,,,,Rhodophyta,
Gracilaria verrucosa,-17.4,,1,-17.4,-17.4,,,Gracilaria,verrucosa,,,,Rhodophyta,
Gracilaria eucheumatoides,-18,1.1,1,-18,-18,,,Gracilaria,eucheumatoides,,,,Rhodophyta,Diaz-Pulido_etal_2016
Gracilariopsis longissima,-20.71,,1,-20.71,-20.71,,,Gracilariopsis,longissima,,,,Rhodophyta,
Grateloupia chiangii,-18.3,,1,-18.3,-18.3,,,Grateloupia,chiangii,Prionitis divaricata,Prionitis,divaricata,Rhodophyta,
Grateloupia cornea,-16,,1,-16,-16,,,Grateloupia,cornea,Prionitis cornea,Prionitis,cornea,Rhodophyta,
Grateloupia elliptica,-14.8,,1,-14.8,-14.8,,,Grateloupia,elliptica,,,,Rhodophyta,
Grateloupia ramosissima,-18.6,,1,-18.6,-18.6,,,Grateloupia,ramosissima,Prionitis ramosissima,Prionitis,ramosissima,Rhodophyta,
Grateloupia setchelli,-22.7,,1,-22.7,-22.7,,,Grateloupia,setchelli,,,,Rhodophyta,
Gymnogongrus crenulatus,-20.39,1.89,2,-22.28,-18.5,2.6728636329,7.1442,Gymnogongrus,crenulatus,,,,Rhodophyta,
Halicnide similans,-33.95,,1,-33.95,-33.95,,,Halicnide,similans,,,,Rhodophyta,
Halopeltis australis,-32.2,0.48,2,-32.68,-31.72,0.6788225099,0.4608,Halopeltis,australis,Rhodymenia australis,Rhodymenia,australis,Rhodophyta,
Halopithys incurva,-16.64,0.83,2,-17.47,-15.81,1.1737972568,1.3778,Halopithys,incurva,,,,Rhodophyta,
Halopitys uncunatus,-19.41,,1,-19.41,-19.41,,,Halopitys,uncunatus,Halopithys uncunatus,Halopithys,uncunatus,Rhodophyta,
Haloplegma duperreyi,-22.8,2.9,1,-22.8,-22.8,,,Haloplegma,duperreyi,,,,Rhodophyta,Diaz-Pulido_etal_2016
Halosaccion glandiformis,-14.94575,,1,-14.95,-14.95,,,Halosaccion,glandiformis,,,,Rhodophyta,
Halurus equisetifolius,-26.87,1.94,2,-28.81,-24.93,2.743574311,7.5272,Halurus,equisetifolius,,,,Rhodophyta,
Halymenia durvillaei,-32.2,,1,-32.2,-32.2,,,Halymenia,durvillaei,,,,Rhodophyta,
Halymenia microcarpa,-26.65,2.85,2,-29.5,-23.8,4.0305086528,16.245,Halymenia,microcarpa,,,,Rhodophyta,
Halymenia dilatata,-32.6,0.4,1,-32.6,-32.6,,,Halymenia,dilatata,,,,Rhodophyta,Diaz-Pulido_etal_2016
Hemineura frondosa,-32.535,0.045,2,-32.58,-32.49,0.0636396103,0.00405,Hemineura,frondosa,,,,Rhodophyta,
Heterosiphonia concinna,-28.98,,1,-28.98,-28.98,,,Heterosiphonia,concinna,,,,Rhodophyta,
Heterosiphonia japonica,-33.1,,1,-33.1,-33.1,,,Heterosiphonia,japonica,,,,Rhodophyta,
Heterosiphonia plumosa,-34.9,,1,-34.9,-34.9,,,Heterosiphonia,plumosa,,,,Rhodophyta,
Hildenbrandia rivularis,-34.6,,1,-34.6,-34.6,,,Hildenbrandia,rivularis,,,,Rhodophyta,
Hydrolithon onkodes,-12.7,,1,-12.7,-12.7,,,Hydrolithon,onkodes,,,,Rhodophyta,
Hymenena affinis,-33.84,,1,-33.84,-33.84,,,Hymenena,affinis,,,,Rhodophyta,
Hymenena durvilleai,-30.9333333333,1.1050389636,3,-32.5,-28.8,1.9139836293,3.6633333333,Hymenena,durvilleai,,,,Rhodophyta,
Hymenena multiloba,-31.765,,1,-31.77,-31.77,,,Hymenena,multiloba,,,,Rhodophyta,
Hymenena palmata,-29.79,,1,-29.79,-29.79,,,Hymenena,palmata,,,,Rhodophyta,
Hymenocladia chondricola,-32.57,,1,-32.57,-32.57,,,Hymenocladia,chondricola,,,,Rhodophyta,
Hypnea japonica,-21.2,,1,-21.2,-21.2,,,Hypnea,japonica,,,,Rhodophyta,
Hypnea musciformis,-15.46,,1,-15.46,-15.46,,,Hypnea,musciformis,,,,Rhodophyta,
Hypnea saccharina,-17.14,,1,-17.14,-17.14,,,Hypnea,saccharina,,,,Rhodophyta,
Hypnea spicifera,-12.6233766234,,1,-12.62,-12.62,,,Hypnea,spicifera,,,,Rhodophyta,
Hypnea spinella,-19.8,,1,-19.8,-19.8,,,Hypnea,spinella,,,,Rhodophyta,
Hypnea volubilis,-19.69,0.7427202255,3,-21.09,-18.56,1.2864291663,1.6549,Hypnea,volubilis,,,,Rhodophyta,
Hypnea pannosa,-17.6,0.1888888889,3,,,,,Hypnea,pannosa,,,,Rhodophyta,Diaz-Pulido_etal_2016
Hypoglossum hypoglossoides,-33.35,,1,-33.35,-33.35,,,Hypoglossum,hypoglossoides,,,,Rhodophyta,
Hypoglossum simulans,-18.5,0,1,-18.5,-18.5,,,Hypoglossum,simulans,,,,Rhodophyta,Diaz-Pulido_etal_2016
Iridaea cordata,-17.0016666667,0.6490013696,6,-19.6,-14.72,1.589722198,2.5272166667,Iridaea,cordata,,,,Rhodophyta,
Jania micrarthandia,-22.55,,1,-22.55,-22.55,,,Jania,micrarthandia,Jania micrarthrodia,Jania,micrarthrodia,Rhodophyta,
Jania rosea,-20.4333333333,4.2399737945,3,-24.96,-11.96,7.3438500348,53.9321333333,Jania,rosea,Haliptilon roseum,Haliptilon,roseum,Rhodophyta,
Jania rubens,-18.13,5.56,2,-23.69,-12.57,7.8630274068,61.8272,Jania,rubens,,,,Rhodophyta,
Jania sagittatum,-18.37,,1,-18.37,-18.37,,,Jania,sagittatum,Cheilosporum sagittatum,Cheilosporum,sagittatum,Rhodophyta,
Jeannerettia lobata,-33.95,,1,-33.95,-33.95,,,Jeannerettia,lobata,,,,Rhodophyta,
Kallymenia antarctica,-18.295,2.785,2,-21.08,-15.51,3.9385847712,15.51245,Kallymenia,antarctica,,,,Rhodophyta,
Laurencia botryoides,-13.34,0.02,2,-13.36,-13.32,0.0282842712,0.0008,Laurencia,botryoides,,,,Rhodophyta,
Laurencia hybrida,-14.06,0.51,2,-14.57,-13.55,0.7212489168,0.5202,Laurencia,hybrida,,,,Rhodophyta,
Laurencia majuscula,-17.04,,1,-17.04,-17.04,,,Laurencia,majuscula,,,,Rhodophyta,
Laurencia nipponica,-15.1,,1,-15.1,-15.1,,,Laurencia,nipponica,Laurencia niponica,Laurencia,niponica,Rhodophyta,
Laurencia obtusa,-15,,1,-15,-15,,,Laurencia,obtusa,,,,Rhodophyta,
Laurencia pacifica,-14.36,,1,-14.36,-14.36,,,Laurencia,pacifica,,,,Rhodophyta,
Lemanea mamillosa,-40.37,1.1863051884,6,-43.54,-36.7,2.9058423908,8.44392,Lemanea,mamillosa,,,,Rhodophyta,
Lenormandia marginata,-23.25,0.8527445886,6,-25.7,-20.58,2.0887891229,4.36304,Lenormandia,marginata,,,,Rhodophyta,
Liagora viscida,-8.53,,1,-8.53,-8.53,,,Liagora,viscida,,,,Rhodophyta,
Liagoropsis schrammi,-18,,1,-18,-18,,,Liagoropsis,schrammi,,,,Rhodophyta,
Lomentaria articulata,-29.32,0.8373917841,8,-31.87,-24.25,2.3685016361,5.6098,Lomentaria,articulata,,,,Rhodophyta,
Lomentaria catenata,-19.8,,1,-19.8,-19.8,,,Lomentaria,catenata,,,,Rhodophyta,
Lomentaria clavellosa,-33.69,,1,-33.69,-33.69,,,Lomentaria,clavellosa,,,,Rhodophyta,
Lophocladia lallemandii,-27.8991596639,,1,-27.9,-27.9,,,Lophocladia,lallemandii,,,,Rhodophyta,
Martensia denticulata,-17.4,0,1,-17.4,-17.4,,,Martensia,denticulata,,,,Rhodophyta,Diaz-Pulido_etal_2016
Mastocarpus alaskensis,-14.1131,,1,-14.11,-14.11,,,Mastocarpus,alaskensis,,,,Rhodophyta,
Mastocarpus cristatus,-20.2,,1,-20.2,-20.2,,,Mastocarpus,cristatus,Gigartina cristata,Gigartina,cristata,Rhodophyta,
Mastocarpus jardiini,-16.9525,,1,-16.95,-16.95,,,Mastocarpus,jardiini,,,,Rhodophyta,
Mastocarpus stellatus,-19.13,0.4198830246,19,-22.7,-15.4,1.8302276725,3.3497333333,Mastocarpus,stellatus,Mastocarpus stellata,Mastocarpus,stellata,Rhodophyta,
Mastophoropsis canaliculata,-22.58,0.77,2,-23.35,-21.81,1.088944443,1.1858,Mastophoropsis,,,,,Rhodophyta,
Mazzaella affinis,-20.6925,,1,-20.69,-20.69,,,Mazzaella,affinis,,,,Rhodophyta,
Mazzaella flaccida,-17.76,1.25,2,-19.01,-16.51,1.767766953,3.125,Mazzaella,flaccida,Iridaea flaccida,Iridaea,flaccida,Rhodophyta,
Mazzaella parksii,-22.7175,,1,-22.72,-22.72,,,Mazzaella,parksii,,,,Rhodophyta,
Mazzaella splendens,-18.37,,1,-18.37,-18.37,,,Mazzaella,splendens,,,,Rhodophyta,
Membranoptera alata,-32.1747777778,0.8060056137,18,-34.43,-19.07,3.4195922109,11.6936108889,Membranoptera,alata,,,,Rhodophyta,
Metamastophora flabellata,-15.04,,1,-15.04,-15.04,,,Metamastophora,flabellata,Metamastophora flabelata,Metamastophora,flabelata,Rhodophyta,
Microcladia borealis,-20.2175,,1,-20.22,-20.22,,,Microcladia,borealis,,,,Rhodophyta,
Mychodea aciculare,-21.25,,1,-21.25,-21.25,,,Mychodea,aciculare,,,,Rhodophyta,
Myriogramme crispata,-31.06,,1,-31.06,-31.06,,,Myriogramme,crispata,Myriogrammae crispata,Myriogrammae,crispata,Rhodophyta,
Myriogramme gunniana,-35.45,,1,-35.45,-35.45,,,Myriogramme,gunniana,Myriogrammae gunniana,Myriogrammae,gunniana,Rhodophyta,
Myriogramme manginii,-33.1,,1,-33.1,-33.1,,,Myriogramme,manginii,,,,Rhodophyta,
Neogoniolithon brassica-florida,-12.4,,1,-12.4,-12.4,,,Neogoniolithon,brassica-florida,,,,Rhodophyta,
Neorhodomela larix,-20.582,0.3417513716,5,-21.39,-19.5,0.7641792983,0.58397,Neorhodomela,larix,,,,Rhodophyta,
Neuroglossum delesseriae,-32.51,0.62,2,-33.13,-31.89,0.8768124087,0.7688,Neuroglossum,delesseriae,Neuroglossum ligulatum,Neuroglossum,ligulatum,Rhodophyta,
Nitophyllum pulchellum,-33.59,,1,-33.59,-33.59,,,Nitophyllum,pulchellum,,,,Rhodophyta,
Nitophyllum punctatum,-31.57,0.5120872322,3,-32.16,-30.55,0.886961104,0.7867,Nitophyllum,punctatum,,,,Rhodophyta,
Odonthalia dentata,-25.5811111111,1.4615711147,9,-31.03,-16.9,4.3847133442,19.2257111111,Odonthalia,dentata,,,,Rhodophyta,
Opuntiella californica,-33.3275,0.4312264486,4,-34.54,-32.5,0.8624528973,0.743825,Opuntiella,californica,,,,Rhodophyta,
Osmundaria prolifera,-25.98,,1,-25.98,-25.98,,,Osmundaria,prolifera,,,,Rhodophyta,
Osmundea pinnatifida,-15.6133333333,1.0678130677,12,-20.26,-9.72,3.6990129724,13.6826969697,Osmundea,pinnatifida,Laurencia pinnatifida,Laurencia,pinnatifida,Rhodophyta,
Osmundea spectabilis,-16.3075,,1,-16.31,-16.31,,,Osmundea,spectabilis,,,,Rhodophyta,
Pachymenia lusoria,-13.86,0.22,2,-14.08,-13.64,0.3111269837,0.0968,Pachymenia,lusoria,,,,Rhodophyta,
Palisada perforata,-13.4,0.2,1,-13.4,-13.4,,,Palisada,perforata,Chondrophycus papillosus,Chondrophycus,papillosus,Rhodophyta,Diaz-Pulido_etal_2016
Palmaria decipiens,-17.5557142857,2.7681004809,7,-31.39,-9.69,7.3237054764,53.6366619048,Palmaria,decipiens,,,,Rhodophyta,
Palmaria palmata,-18.5181481481,0.7409345829,27,-33.94,-14.41,3.850009028,14.8225695157,Palmaria,palmata,,,,Rhodophyta,
Parviphycus pannosus,-14.7,0.3,1,-14.7,-14.7,,,Parviphycus,pannosus,Gelidiella pannosa,Gelidiella,pannosa,Rhodophyta,Diaz-Pulido_etal_2016
Peyssonnelia inamoena,-13.5025,1.3193140579,4,-15.93,-9.77,2.6386281158,6.9623583333,Peyssonnelia,inamoena,,,,Rhodophyta,
Phacelocarpus peperocarpos,-33.2066666667,0.4723816724,3,-33.98,-32.35,0.8181890572,0.6694333333,Phacelocarpus,peperocarpos,Phacelocarpous peperocarpos,Phacelocarpous,peperocarpos,Rhodophyta,
Phycodrys antarctica,-32.565,1.135,2,-33.7,-31.43,1.6051323933,2.57645,Phycodrys,antarctica,,,,Rhodophyta,
Phycodrys rubens,-33.9352631579,0.3869443713,19,-37,-30.89,1.6866514111,2.8447929825,Phycodrys,rubens,,,,Rhodophyta,
Phyllophora antarctica,-35.975,0.775,2,-36.75,-35.2,1.0960155108,1.20125,Phyllophora,antarctica,,,,Rhodophyta,
Phyllophora crispa,-31.745,3.015,2,-34.76,-28.73,4.2638538906,18.18045,Phyllophora,crispa,,,,Rhodophyta,
Phymatolithon masonianum,-14.03,,1,-14.03,-14.03,,,Phymatolithon,masonianum,,,,Rhodophyta,
Plocamium angustum,-32.27,0.4327335593,9,-34.16,-30.49,1.2982006779,1.685325,Plocamium,angustum,,,,Rhodophyta,
Plocamium cartilagineum,-32.9418518519,0.3283239128,27,-38.1,-29.14,1.7060210952,2.9105079772,Plocamium,cartilagineum,,,,Rhodophyta,
Plocamium costata,-33.39,,1,-33.39,-33.39,,,Plocamium,costata,,,,Rhodophyta,
Plocamium dilatatum,-33.4975,0.5365223667,4,-34.75,-32.27,1.0730447335,1.151425,Plocamium,dilatatum,,,,Rhodophyta,
Plocamium mertensii,-34.15,0.3995414038,3,-34.72,-33.38,0.6920260111,0.4789,Plocamium,mertensii,,,,Rhodophyta,
Plocamium microcladioides,-30.95,,1,-30.95,-30.95,,,Plocamium,microcladioides,,,,Rhodophyta,
Plocamium preissianum,-34.145,0.405,2,-34.55,-33.74,0.5727564928,0.32805,Plocamium,preissianum,,,,Rhodophyta,
Plocamium telfairiae,-33.7,,1,-33.7,-33.7,,,Plocamium,telfairiae,,,,Rhodophyta,
Plocamium violacum,-30.96,,1,-30.96,-30.96,,,Plocamium,violacum,,,,Rhodophyta,
Plumaria plumosa,-31.2033333333,0.4217555901,3,-31.98,-30.53,0.7305021104,0.5336333333,Plumaria,plumosa,Plumaria elegans,Plumaria,elegans,Rhodophyta,
Pollexfenia lobata,-20.69,,1,-20.69,-20.69,,,Pollexfenia,lobata,,,,Rhodophyta,
Polycoelia laciniata,-28.33,,1,-28.33,-28.33,,,Polycoelia,laciniata,,,,Rhodophyta,
Polyides rotunda,-16.0075,0.5615807303,4,-17.62,-15.01,1.1231614606,1.2614916667,Polyides,rotunda,Polyides rotundus,Polyides,rotundus,Rhodophyta,
Polyopes constrictus,-23.92,,1,-23.92,-23.92,,,Polyopes,constrictus,,,,Rhodophyta,
Polysiphonia brodiaei,-17.77,,1,-17.77,-17.77,,,Polysiphonia,brodiaei,,,,Rhodophyta,
Polysiphonia elongata,-20,1.6,2,-21.6,-18.4,2.2627416998,5.12,Polysiphonia,elongata,,,,Rhodophyta,
Polysiphonia fibrillosa,-24.61,,1,-24.61,-24.61,,,Polysiphonia,fibrillosa,,,,Rhodophyta,
Polysiphonia fucoides,-14.47,,1,-14.47,-14.47,,,Polysiphonia,fucoides,,,,Rhodophyta,
Polysiphonia lanosa,-20.695,0.4333342491,8,-22.8,-19.3,1.2256543442,1.5022285714,Polysiphonia,lanosa,,,,Rhodophyta,
Polysiphonia nigra,-17.49,,1,-17.49,-17.49,,,Polysiphonia,nigra,,,,Rhodophyta,
Polysiphonia stricta,-28.52,0.8352444752,3,-29.39,-26.85,1.4466858678,2.0929,Polysiphonia,stricta,,,,Rhodophyta,
Porphyra endiviifolium,-24.13,3.27,2,-27.4,-20.86,4.624478349,21.3858,Porphyra,endiviifolium,,,,Rhodophyta,
Porphyra leucosticta,-18.75,,1,-18.75,-18.75,,,Porphyra,leucosticta,,,,Rhodophyta,
Porphyra perforata,-15.955,2.065,2,-18.02,-13.89,2.9203510063,8.52845,Porphyra,perforata,,,,Rhodophyta,
Porphyra purpurea,-20.27,,1,-20.27,-20.27,,,Porphyra,purpurea,,,,Rhodophyta,
Porphyra umbilicalis,-20.1988888889,0.432507047,9,-22.19,-18.39,1.2975211409,1.6835611111,Porphyra,umbilicalis,,,,Rhodophyta,
Portieria hornemannii,-15.5,0.4,1,-15.5,-15.5,,,Portieria,hornemannii,,,,Rhodophyta,Diaz-Pulido_etal_2016
Pterocladiella capillacea,-16.3242857143,0.776248172,7,-20.21,-14.5,2.0537596187,4.2179285714,Pterocladiella,capillacea,Pterocladia capillacea,Pterocladia,capillacea,Rhodophyta,
Ptilonia australasica,-33.69,,1,-33.69,-33.69,,,Ptilonia,australasica,,,,Rhodophyta,
Ptilonia subulifera,-36.22,,1,-36.22,-36.22,,,Ptilonia,subulifera,,,,Rhodophyta,
Ptilophora mediterranea,-34.2,,1,-34.2,-34.2,,,Ptilophora,mediterranea,Ptilophora mediterranean,Ptilophora,mediterranean,Rhodophyta,
Ptilota gunneri,-32.5066666667,0.7462573283,9,-34.63,-27.02,2.2387719848,5.0121,Ptilota,gunneri,,,,Rhodophyta,
Ptilota plumosa,-33.66,,1,-33.66,-33.66,,,Ptilota,plumosa,,,,Rhodophyta,
Ptilota serrata,-34,,1,-34,-34,,,Ptilota,serrata,,,,Rhodophyta,
Rhodomela confervoides,-23.06,0.79,2,-23.85,-22.27,1.1172287143,1.2482,Rhodomela,confervoides,,,,Rhodophyta,
Rhodomela lycopodoides,-23.15,,1,-23.15,-23.15,,,Rhodomela,lycopodoides,,,,Rhodophyta,
Rhodophyllis membranacea,-31.75,0.45,2,-32.2,-31.3,0.6363961031,0.405,Rhodophyllis,membranacea,Rhodophyllis gunnii,Rhodophyllis,gunnii,Rhodophyta,
Rhodophyllis multipartita,-33.71,0.37,2,-34.08,-33.34,0.5232590181,0.2738,Rhodophyllis,multipartita,,,,Rhodophyta,
Rhodothamniella floridula,-16.39,,1,-16.39,-16.39,,,Rhodothamniella,floridula,Rhodochorton floridulum,Rhodochorton,floridulum,Rhodophyta,
Rhodymenia california,-29.8,,1,-29.8,-29.8,,,Rhodymenia,california,,,,Rhodophyta,
Rhodymenia pseudopalmata,-36.6,0.8,2,-37.4,-35.8,1.1313708499,1.28,Rhodymenia,pseudopalmata,,,,Rhodophyta,
Rytiphlaea tinctoria,-13.47,,1,-13.47,-13.47,,,Rytiphlaea,tinctoria,,,,Rhodophyta,
Schizoseris hymenena,-34.16,,1,-34.16,-34.16,,,Schizoseris,hymenena,,,,Rhodophyta,
Schizymenia dubyi,-24.1,,1,-24.1,-24.1,,,Schizymenia,dubyi,,,,Rhodophyta,
Schizymenia pacifica,-18.46,,1,-18.46,-18.46,,,Schizymenia,pacifica,,,,Rhodophyta,
Schottera nicaeensis,-32.7,,1,-32.7,-32.7,,,Schottera,nicaeensis,,,,Rhodophyta,
Scinaia tsinglanensis,-23.64,,1,-23.64,-23.64,,,Scinaia,tsinglanensis,,,,Rhodophyta,
Solieria robusta,-17.39,,1,-17.39,-17.39,,,Solieria,robusta,,,,Rhodophyta,
Sonderopelta coriacea,-18.316,0.5425274187,5,-20.44,-17.54,1.2131281878,1.47168,Sonderopelta,coriacea,,,,Rhodophyta,
Sphaerococcus coronopifolius,-33.3366666667,0.253135888,3,-33.74,-32.87,0.4384442192,0.1922333333,Sphaerococcus,coronopifolius,,,,Rhodophyta,
Spongoclonium pastorale,-31.3,1.1,2,-32.4,-30.2,1.5556349186,2.42,Spongoclonium,pastorale,,,,Rhodophyta,
Stenogramma interruptum,-33.8433333333,1.0537604619,3,-35.01,-31.74,1.8251666591,3.3312333333,Stenogramma,interruptum,Stenogramme interruptum,Stenogramme,interruptum,Rhodophyta,
Symphyocladia latiuscula,-18.8,,1,-18.8,-18.8,,,Symphyocladia,latiuscula,,,,Rhodophyta,
Thamnoclonium dichotomum,-30.125,0.2679396698,6,-31.1,-29.41,0.6563154729,0.43075,Thamnoclonium,dichotomum,,,,Rhodophyta,
Trematocarpus antarcticus,-20.7,,1,-20.7,-20.7,,,Trematocarpus,antarcticus,,,,Rhodophyta,
Tricleocarpa cylindrica,-16.5,,1,-16.5,-16.5,,,Tricleocarpa,cylindrica,,,,Rhodophyta,
Tylotus obtusatus,-33.71,,1,-33.71,-33.71,,,Tylotus,obtusatus,,,,Rhodophyta,
Vertebrata lanosa,-21.28,1.2870120435,5,-25.7,-19.1,2.877846417,8.282,Vertebrata,lanosa,,,,Rhodophyta,
Weeksia coccinea,-20.269,,1,-20.27,-20.27,,,Weeksia,coccinea,,,,Rhodophyta,
Wrightiella blodgetti,-32.24,,1,-32.24,-32.24,,,Wrightiella,blodgetti,,,,Rhodophyta,
Yamadaella caenomyce,-18.2,,1,-18.2,-18.2,,,Yamadaella,caenomyce,,,,Rhodophyta,
Yuzurua poiteaui,-11.8,,1,-11.8,-11.8,,,Yuzurua,poiteaui,Palisada poiteaui,Palisada,poiteaui,Rhodophyta,
