genus,kingdom,phylum,subphylum,infraphylum,superclass,class,subclass,order,family,subfamily,tribe,fgroup1,fgroup2,fgroup3,calcifying
Acanthophora,Plantae,Rhodophyta,Eurhodophytina,,,Florideophyceae,Rhodymeniophycidae,Ceramiales,Rhodomelaceae,,Chondrieae,filamentous,coarsely branched,,
Acrosorium,Plantae,Rhodophyta,Eurhodophytina,,,Florideophyceae,Rhodymeniophycidae,Ceramiales,Delesseriaceae,Phycodryoideae,Cryptopleureae,filamentous,coarsely branched,,
Acrotylus,Plantae,Rhodophyta,Eurhodophytina,,,Florideophyceae,Rhodymeniophycidae,Gigartinales,Acrotylaceae,,,coarsely branched,filamentous,,
Actinotrichia,Plantae,Rhodophyta,Eurhodophytina,,,Florideophyceae,Nemaliophycidae,Nemaliales,Galaxauraceae,,,jointed calcareous,filamentous,,yes
Aglaothamnion,Plantae,Rhodophyta,Eurhodophytina,,,Florideophyceae,Rhodymeniophycidae,Ceramiales,Callithamniaceae,,Callithamnieae,filamentous,,,
Ahnfeltia,Plantae,Rhodophyta,Eurhodophytina,,,Florideophyceae,Ahnfeltiophycidae,Ahnfeltiales,Ahnfeltiaceae,,,filamentous,,,
Ahnfeltiopsis,Plantae,Rhodophyta,Eurhodophytina,,,Florideophyceae,Rhodymeniophycidae,Gigartinales,Phyllophoraceae,,,thick leathery,coarsely branched,,
Amansia,Plantae,Rhodophyta,Eurhodophytina,,,Florideophyceae,Rhodymeniophycidae,Ceramiales,Rhodomelaceae,,Amansieae,,,,
Amphiroa,Plantae,Rhodophyta,Eurhodophytina,,,Florideophyceae,Corallinophycidae,Corallinales,Corallinaceae,Lithophylloideae,,jointed calcareous,,,yes
Anotrichium,Plantae,Rhodophyta,Eurhodophytina,,,Florideophyceae,Rhodymeniophycidae,Ceramiales,Wrangeliaceae,,Griffithsieae,filamentous,,,
Apophlaea,Plantae,Rhodophyta,Eurhodophytina,,,Florideophyceae,Hildenbrandiophycidae,Hildenbrandiales,Hildenbrandiaceae,,,thick leathery,,,
Arthrocardia,Plantae,Rhodophyta,Eurhodophytina,,,Florideophyceae,Corallinophycidae,Corallinales,Corallinaceae,Corallinoideae,,jointed calcareous,,,yes
Asparagopsis,Plantae,Rhodophyta,Eurhodophytina,,,Florideophyceae,Rhodymeniophycidae,Bonnemaisoniales,Bonnemaisoniaceae,,,filamentous,,,
Audouinella,Plantae,Rhodophyta,Eurhodophytina,,,Florideophyceae,Nemaliophycidae,Acrochaetiales,Acrochaetiaceae,,,filamentous,,,
Ballia,Plantae,Rhodophyta,Eurhodophytina,,,Florideophyceae,Nemaliophycidae,Balliales,Balliaceae,,,filamentous,,,
Bonnemaisonia,Plantae,Rhodophyta,Eurhodophytina,,,Florideophyceae,Rhodymeniophycidae,Bonnemaisoniales,Bonnemaisoniaceae,,,filamentous,,,
Bornetia,Plantae,Rhodophyta,Eurhodophytina,,,Florideophyceae,Rhodymeniophycidae,Ceramiales,Ceramiaceae,Ceramioideae,Bornetieae,filamentous,,,
Bossiella,Plantae,Rhodophyta,Eurhodophytina,,,Florideophyceae,Corallinophycidae,Corallinales,Corallinaceae,Corallinoideae,,jointed calcareous,,,yes
Bostrychia,Plantae,Rhodophyta,Eurhodophytina,,,Florideophyceae,Rhodymeniophycidae,Ceramiales,Rhodomelaceae,,Bostrychieae,filamentous,,,
Botryocladia,Plantae,Rhodophyta,Eurhodophytina,,,Florideophyceae,Rhodymeniophycidae,Rhodymeniales,Rhodymeniaceae,,,filamentous,,,
Brongniartella,Plantae,Rhodophyta,Eurhodophytina,,,Florideophyceae,Rhodymeniophycidae,Ceramiales,Rhodomelaceae,,Brongniartelleae,filamentous,,,
Callithamnion,Plantae,Rhodophyta,Eurhodophytina,,,Florideophyceae,Rhodymeniophycidae,Ceramiales,Callithamniaceae,,Callithamnieae,filamentous,,,
Callophycus,Plantae,Rhodophyta,,,,Rhodophyta incertae sedis,,Rhodophyta incertae sedis,Rhodophyta incertae sedis,,,coarsely branched,,,
Callophyllis,Plantae,Rhodophyta,Eurhodophytina,,,Florideophyceae,Rhodymeniophycidae,Gigartinales,Kallymeniaceae,,,sheet,coarsely branched,,
Carpopeltis,Plantae,Rhodophyta,Eurhodophytina,,,Florideophyceae,Rhodymeniophycidae,Halymeniales,Halymeniaceae,,,coarsely branched,,,
Catenella,Plantae,Rhodophyta,Eurhodophytina,,,Florideophyceae,Rhodymeniophycidae,Gigartinales,Caulacanthaceae,,,coarsely branched,filamentous,,
Ceramium,Plantae,Rhodophyta,Eurhodophytina,,,Florideophyceae,Rhodymeniophycidae,Ceramiales,Ceramiaceae,Ceramioideae,Ceramieae,filamentous,coarsely branched,,
Champia,Plantae,Rhodophyta,Eurhodophytina,,,Florideophyceae,Rhodymeniophycidae,Rhodymeniales,Champiaceae,,,,,,
Chondracanthus,Plantae,Rhodophyta,Eurhodophytina,,,Florideophyceae,Rhodymeniophycidae,Gigartinales,Gigartinaceae,,,,,,
Chondria,Plantae,Rhodophyta,Eurhodophytina,,,Florideophyceae,,Ceramiales,Rhodomelaceae,,Chondrieae,coarsely branched,filamentous,,
Chondrus,Plantae,Rhodophyta,Eurhodophytina,,,Florideophyceae,Rhodymeniophycidae,Gigartinales,Gigartinaceae,,,coarsely branched,thick leathery,sheet,
Chylocladia,Plantae,Rhodophyta,Eurhodophytina,,,Florideophyceae,Rhodymeniophycidae,Rhodymeniales,Champiaceae,,,filamentous,coarsely branched,,
Constantinea,Plantae,Rhodophyta,Eurhodophytina,,,Florideophyceae,Rhodymeniophycidae,Gigartinales,Dumontiaceae,,,thick leathery,coarsely branched,,
Corallina,Plantae,Rhodophyta,Eurhodophytina,,,Florideophyceae,Corallinophycidae,Corallinales,Corallinaceae,Corallinoideae,Corallineae,jointed calcareous,,,yes
Craspedocarpus,Plantae,Rhodophyta,Eurhodophytina,,,Florideophyceae,Rhodymeniophycidae,Gigartinales,Cystocloniaceae,,,,,,
Cryptonemia,Plantae,Rhodophyta,Eurhodophytina,,,Florideophyceae,Rhodymeniophycidae,Halymeniales,Halymeniaceae,,,sheet,coarsely branched,,
Cryptopleura,Plantae,Rhodophyta,Eurhodophytina,,,Florideophyceae,Rhodymeniophycidae,Ceramiales,Delesseriaceae,Phycodryoideae,Cryptopleureae,sheet,coarsely branched,,
Cumagloia,Plantae,Rhodophyta,Eurhodophytina,,,Florideophyceae,Nemaliophycidae,Nemaliales,Liagoraceae,,,sheet,coarsely branched,filamentous,
Curdiea,Plantae,Rhodophyta,Eurhodophytina,,,Florideophyceae,Rhodymeniophycidae,Gracilariales,Gracilariaceae,,,thick leathery,coarsely branched,,
Cystoclonium,Plantae,Rhodophyta,Eurhodophytina,,,Florideophyceae,Rhodymeniophycidae,Gigartinales,Cystocloniaceae,,,filamentous,coarsely branched,,
Dasya,Plantae,Rhodophyta,Eurhodophytina,,,Florideophyceae,Rhodymeniophycidae,Ceramiales,Dasyaceae,Dasyoideae,,filamentous,,,
Delesseria,Plantae,Rhodophyta,Eurhodophytina,,,Florideophyceae,Rhodymeniophycidae,Ceramiales,Delesseriaceae,Delesserioideae,Delesserieae,sheet,coarsely branched,,
Delisea,Plantae,Rhodophyta,Eurhodophytina,,,Florideophyceae,Rhodymeniophycidae,Bonnemaisoniales,Bonnemaisoniaceae,,,filamentous,,,
Devaleraea,Plantae,Rhodophyta,Eurhodophytina,,,Florideophyceae,Nemaliophycidae,Palmariales,Palmariaceae,,,sheet,thick leathery,,
Dichotomaria,Plantae,Rhodophyta,Eurhodophytina,,,Florideophyceae,Nemaliophycidae,Nemaliales,Galaxauraceae,,,,,,yes
Dictyomenia,Plantae,Rhodophyta,Eurhodophytina,,,Florideophyceae,Rhodymeniophycidae,Ceramiales,Rhodomelaceae,,Pterosiphonieae,sheet,coarsely branched,,
Digenea,Plantae,Rhodophyta,Eurhodophytina,,,Florideophyceae,Rhodymeniophycidae,Ceramiales,Rhodomelaceae,,,filamentous,,,
Dilsea,Plantae,Rhodophyta,Eurhodophytina,,,Florideophyceae,Rhodymeniophycidae,Gigartinales,Dumontiaceae,,,sheet,thick leathery,,
Dumontia,Plantae,Rhodophyta,Eurhodophytina,,,Florideophyceae,Rhodymeniophycidae,Gigartinales,Dumontiaceae,,,coarsely branched,sheet,,
Echinothamnion,Plantae,Rhodophyta,Eurhodophytina,,,Florideophyceae,Rhodymeniophycidae,Ceramiales,Rhodomelaceae,,Polysiphonieae,filamentous,,,
Endocladia,Plantae,Rhodophyta,Eurhodophytina,,,Florideophyceae,Rhodymeniophycidae,Gigartinales,Endocladiaceae,,,filamentous,coarsely branched,,
Euptilota,Plantae,Rhodophyta,Eurhodophytina,,,Florideophyceae,Rhodymeniophycidae,Ceramiales,Callithamniaceae,,Callithamnieae,filamentous,coarsely branched,,
Euthora,Plantae,Rhodophyta,Eurhodophytina,,,Florideophyceae,Rhodymeniophycidae,Gigartinales,Kallymeniaceae,,,filamentous,coarsely branched,,
Fryeella,Plantae,Rhodophyta,Eurhodophytina,,,Florideophyceae,Rhodymeniophycidae,Rhodymeniales,Fryeellaceae,,,sheet,,,
Furcellaria,Plantae,Rhodophyta,Eurhodophytina,,,Florideophyceae,Rhodymeniophycidae,Gigartinales,Furcellariaceae,,,thick leathery,,,
Galaxaura,Plantae,Rhodophyta,Eurhodophytina,,,Florideophyceae,Nemaliophycidae,Nemaliales,Galaxauraceae,,,jointed calcareous,,,yes
Gastroclonium,Plantae,Rhodophyta,Eurhodophytina,,,Florideophyceae,Rhodymeniophycidae,Rhodymeniales,Champiaceae,,,coarsely branched,thick leathery,,
Gelidiopsis,Plantae,Rhodophyta,Eurhodophytina,,,Florideophyceae,Rhodymeniophycidae,Rhodymeniales,Lomentariaceae,,,filamentous,,,
Gelidium,Plantae,Rhodophyta,Eurhodophytina,,,Florideophyceae,Rhodymeniophycidae,Gelidiales,Gelidiaceae,,,coarsely branched,filamentous,,
Georgiella,Plantae,Rhodophyta,Eurhodophytina,,,Florideophyceae,Rhodymeniophycidae,Ceramiales,Wrangeliaceae,,Ptiloteae,filamentous,coarsely branched,,
Gibsmithia,Plantae,Rhodophyta,Eurhodophytina,,,Florideophyceae,Rhodymeniophycidae,Gigartinales,Dumontiaceae,,,,,,
Gigartina,Plantae,Rhodophyta,Eurhodophytina,,,Florideophyceae,Rhodymeniophycidae,Gigartinales,Gigartinaceae,,,coarsely branched,,,
Gloiocladia,Plantae,Rhodophyta,Eurhodophytina,,,Florideophyceae,Rhodymeniophycidae,Rhodymeniales,Faucheaceae,,,,,,
Gloiopeltis,Plantae,Rhodophyta,Eurhodophytina,,,Florideophyceae,Rhodymeniophycidae,Gigartinales,Endocladiaceae,,,coarsely branched,thick leathery,,
Gloiosaccion,Plantae,Rhodophyta,Eurhodophytina,,,Florideophyceae,Rhodymeniophycidae,Rhodymeniales,Rhodymeniaceae,,,sheet,,,
Gloiosiphonia,Plantae,Rhodophyta,Eurhodophytina,,,Florideophyceae,Rhodymeniophycidae,Gigartinales,Gloiosiphoniaceae,,,filamentous,,,
Gracilaria,Plantae,Rhodophyta,Eurhodophytina,,,Florideophyceae,Rhodymeniophycidae,Gracilariales,Gracilariaceae,,,coarsely branched,filamentous,,
Gracilariopsis,Plantae,Rhodophyta,Eurhodophytina,,,Florideophyceae,Rhodymeniophycidae,Gracilariales,Gracilariaceae,,,coarsely branched,thick leathery,,
Grateloupia,Plantae,Rhodophyta,Eurhodophytina,,,Florideophyceae,Rhodymeniophycidae,Halymeniales,Halymeniaceae,,,thick leathery,,,
Gymnogongrus,Plantae,Rhodophyta,Eurhodophytina,,,Florideophyceae,Rhodymeniophycidae,Gigartinales,Phyllophoraceae,,,thick leathery,coarsely branched,,
Halicnide,Plantae,Rhodophyta,Eurhodophytina,,,Florideophyceae,Rhodymeniophycidae,Ceramiales,Delesseriaceae,Phycodryoideae,Phycodryeae,sheet,,,
Haliptilon,Plantae,Rhodophyta,Eurhodophytina,,,Florideophyceae,Corallinophycidae,Corallinales,Corallinaceae,Corallinoideae,Janieae,jointed calcareous,,,yes
Halopeltis,Plantae,Rhodophyta,Eurhodophytina,,,Florideophyceae,Rhodymeniophycidae,Rhodymeniales,Rhodymeniaceae,,,thick leathery,,,
Halopithys,Plantae,Rhodophyta,Eurhodophytina,,,Florideophyceae,Rhodymeniophycidae,Ceramiales,Rhodomelaceae,,Amansieae,coarsely branched,,,
Halopitys,Plantae,Rhodophyta,Eurhodophytina,,,Florideophyceae,,Ceramiales,Rhodomelaceae,,,coarsely branched,,,
Haloplegma,Plantae,Rhodophyta,Eurhodophytina,,,Florideophyceae,Rhodymeniophycidae,Ceramiales,Wrangeliaceae,,Compsothamnieae,,,,
Halosaccion,Plantae,Rhodophyta,Eurhodophytina,,,Florideophyceae,Nemaliophycidae,Palmariales,Palmariaceae,,,sheet,,,
Halurus,Plantae,Rhodophyta,Eurhodophytina,,,Florideophyceae,Rhodymeniophycidae,Ceramiales,Wrangeliaceae,,Griffithsieae,filamentous,,,
Halymenia,Plantae,Rhodophyta,Eurhodophytina,,,Florideophyceae,Rhodymeniophycidae,Halymeniales,Halymeniaceae,,,sheet,,,
Hemineura,Plantae,Rhodophyta,Eurhodophytina,,,Florideophyceae,Rhodymeniophycidae,Ceramiales,Delesseriaceae,Delesserioideae,Botryocarpeae,,,,
Heterosiphonia,Plantae,Rhodophyta,Eurhodophytina,,,Florideophyceae,Rhodymeniophycidae,Ceramiales,Dasyaceae,Heterosiphonioideae,,filamentous,,,
Hildenbrandia,Plantae,Rhodophyta,Eurhodophytina,,,Florideophyceae,Hildenbrandiophycidae,Hildenbrandiales,Hildenbrandiaceae,,,crust,,,
Hydrolithon,Plantae,Rhodophyta,Eurhodophytina,,,Florideophyceae,Corallinophycidae,Corallinales,Corallinaceae,Hydrolithoideae,,crust calcifier,,,yes
Hymenena,Plantae,Rhodophyta,Eurhodophytina,,,Florideophyceae,Rhodymeniophycidae,Ceramiales,Delesseriaceae,Phycodryoideae,Cryptopleureae,sheet,coarsely branched,,
Hymenocladia,Plantae,Rhodophyta,Eurhodophytina,,,Florideophyceae,Rhodymeniophycidae,Rhodymeniales,Hymenocladiaceae,,,sheet,,,
Hypnea,Plantae,Rhodophyta,Eurhodophytina,,,Florideophyceae,Rhodymeniophycidae,Gigartinales,Cystocloniaceae,,,filamentous,,,
Hypoglossum,Plantae,Rhodophyta,Eurhodophytina,,,Florideophyceae,Rhodymeniophycidae,Ceramiales,Delesseriaceae,Delesserioideae,Hypoglosseae,filamentous,sheet,,
Iridaea,Plantae,Rhodophyta,Eurhodophytina,,,Florideophyceae,Rhodymeniophycidae,Gigartinales,Gigartinaceae,,,sheet,,,
Jania,Plantae,Rhodophyta,Eurhodophytina,,,Florideophyceae,Corallinophycidae,Corallinales,Corallinaceae,Corallinoideae,Janieae,jointed calcareous,,,yes
Jeannerettia,Plantae,Rhodophyta,Eurhodophytina,,,Florideophyceae,Rhodymeniophycidae,Ceramiales,Rhodomelaceae,,Pterosiphonieae,sheet,coarsely branched,,
Kallymenia,Plantae,Rhodophyta,Eurhodophytina,,,Florideophyceae,Rhodymeniophycidae,Gigartinales,Kallymeniaceae,,,sheet,,,
Laingia,Plantae,Rhodophyta,Eurhodophytina,,,Florideophyceae,Rhodymeniophycidae,Ceramiales,Delesseriaceae,Delesserioideae,Botryocarpeae,sheet,,,
Laurencia,Plantae,Rhodophyta,Eurhodophytina,,,Florideophyceae,Rhodymeniophycidae,Ceramiales,Rhodomelaceae,,Laurencieae,thick leathery,coarsely branched,,
Lemanea,Plantae,Rhodophyta,Eurhodophytina,,,Florideophyceae,Nemaliophycidae,Batrachospermales,Lemaneaceae,,,filamentous,,,
Lenormandia,Plantae,Rhodophyta,Eurhodophytina,,,Florideophyceae,Rhodymeniophycidae,Ceramiales,Rhodomelaceae,,Amansieae,,,,
Liagora,Plantae,Rhodophyta,Eurhodophytina,,,Florideophyceae,Nemaliophycidae,Nemaliales,Liagoraceae,,,coarsely branched,filamentous,,
Liagoropsis,Plantae,Rhodophyta,Eurhodophytina,,,Florideophyceae,Nemaliophycidae,Nemaliales,Liagoraceae,,,filamentous,,,
Lithothamnion,Plantae,Rhodophyta,Eurhodophytina,,,Florideophyceae,Corallinophycidae,Hapalidiales,Hapalidiaceae,Melobesioideae,,crust calcifier,,,yes
Lomentaria,Plantae,Rhodophyta,Eurhodophytina,,,Florideophyceae,Rhodymeniophycidae,Rhodymeniales,Lomentariaceae,,,filamentous,coarsely branched,,
Lophocladia,Plantae,Rhodophyta,Eurhodophytina,,,Florideophyceae,Rhodymeniophycidae,Ceramiales,Rhodomelaceae,,,filamentous,,,
Martensia,Plantae,Rhodophyta,Eurhodophytina,,,Florideophyceae,Rhodymeniophycidae,Ceramiales,Delesseriaceae,Nitophylloideae,Martensieae,,,,
Mastocarpus,Plantae,Rhodophyta,Eurhodophytina,,,Florideophyceae,Rhodymeniophycidae,Gigartinales,Phyllophoraceae,,,thick leathery,sheet,,
Mastophoropsis,Plantae,Rhodophyta,Eurhodophytina,,,Florideophyceae,Corallinophycidae,Hapalidiales,Hapalidiaceae,,,,,,
Mazzaella,Plantae,Rhodophyta,Eurhodophytina,,,Florideophyceae,Rhodymeniophycidae,Gigartinales,Gigartinaceae,,,sheet,thick leathery,,
Membranoptera,Plantae,Rhodophyta,Eurhodophytina,,,Florideophyceae,Rhodymeniophycidae,Ceramiales,Delesseriaceae,Delesserioideae,Membranoptereae,filamentous,coarsely branched,,
Metamastophora,Plantae,Rhodophyta,Eurhodophytina,,,Florideophyceae,Corallinophycidae,Corallinales,Corallinaceae,Mastophoroideae,,jointed calcareous,,,yes
Microcladia,Plantae,Rhodophyta,Eurhodophytina,,,Florideophyceae,Rhodymeniophycidae,Ceramiales,Ceramiaceae,Ceramioideae,Ceramieae,filamentous,,,
Mychodea,Plantae,Rhodophyta,Eurhodophytina,,,Florideophyceae,Rhodymeniophycidae,Gigartinales,Mychodeaceae,,,,,,
Myriogramme,Plantae,Rhodophyta,Eurhodophytina,,,Florideophyceae,Rhodymeniophycidae,Ceramiales,Delesseriaceae,Phycodryoideae,Myriogrammeae,coarsely branched,sheet,,
Neogoniolithon,Plantae,Rhodophyta,Eurhodophytina,,,Florideophyceae,Corallinophycidae,Corallinales,Corallinaceae,Neogoniolithoideae,,crust calcifier,,,yes
Neorhodomela,Plantae,Rhodophyta,Eurhodophytina,,,Florideophyceae,Rhodymeniophycidae,Ceramiales,Rhodomelaceae,,,coarsely branched,,,
Neuroglossum,Plantae,Rhodophyta,Eurhodophytina,,,Florideophyceae,Rhodymeniophycidae,Ceramiales,Delesseriaceae,Phycodryoideae,Schizoserideae,coarsely branched,sheet,,
Nitophyllum,Plantae,Rhodophyta,Eurhodophytina,,,Florideophyceae,Rhodymeniophycidae,Ceramiales,Delesseriaceae,Nitophylloideae,Nitophylleae,sheet,,,
Nothogenia,Plantae,Rhodophyta,Eurhodophytina,,,Florideophyceae,Nemaliophycidae,Nemaliales,Scinaiaceae,,,thick leathery,sheet,,
Odonthalia,Plantae,Rhodophyta,Eurhodophytina,,,Florideophyceae,Rhodymeniophycidae,Ceramiales,Rhodomelaceae,,,coarsely branched,thick leathery,sheet,
Opuntiella,Plantae,Rhodophyta,Eurhodophytina,,,Florideophyceae,Rhodymeniophycidae,Gigartinales,Furcellariaceae,,,sheet,thick leathery,,
Osmundaria,Plantae,Rhodophyta,Eurhodophytina,,,Florideophyceae,Rhodymeniophycidae,Ceramiales,Rhodomelaceae,,Amansieae,thick leathery,coarsely branched,,
Osmundea,Plantae,Rhodophyta,Eurhodophytina,,,Florideophyceae,Rhodymeniophycidae,Ceramiales,Rhodomelaceae,,Laurencieae,thick leathery,,,
Pachymenia,Plantae,Rhodophyta,Eurhodophytina,,,Florideophyceae,Rhodymeniophycidae,Halymeniales,Halymeniaceae,,,coarsely branched,thick leathery,sheet,
Palisada,Plantae,Rhodophyta,Eurhodophytina,,,Florideophyceae,Rhodymeniophycidae,Ceramiales,Rhodomelaceae,,Laurencieae,,,,
Palmaria,Plantae,Rhodophyta,Eurhodophytina,,,Florideophyceae,Nemaliophycidae,Palmariales,Palmariaceae,,,sheet,,,
Parviphycus,Plantae,Rhodophyta,Eurhodophytina,,,Florideophyceae,Rhodymeniophycidae,Gelidiales,Gelidiellaceae,,,,,,
Peyssonnelia,Plantae,Rhodophyta,Eurhodophytina,,,Florideophyceae,Rhodymeniophycidae,Peyssonnaliales,Peyssonneliaceae,,,thick leathery,crust,,
Phacelocarpus,Plantae,Rhodophyta,Eurhodophytina,,,Florideophyceae,,Gigartinales,Phacelocarpaceae,,,coarsely branched,,,
Phycodrys,Plantae,Rhodophyta,Eurhodophytina,,,Florideophyceae,Rhodymeniophycidae,Ceramiales,Delesseriaceae,Phycodryoideae,Phycodryeae,sheet,coarsely branched,,
Phyllophora,Plantae,Rhodophyta,Eurhodophytina,,,Florideophyceae,Rhodymeniophycidae,Gigartinales,Phyllophoraceae,,,sheet,coarsely branched,,
Phymatolithon,Plantae,Rhodophyta,Eurhodophytina,,,Florideophyceae,Corallinophycidae,Hapalidiales,Hapalidiaceae,Melobesioideae,,crust calcifier,,,
Plocamium,Plantae,Rhodophyta,Eurhodophytina,,,Florideophyceae,Rhodymeniophycidae,Plocamiales,Plocamiaceae,,,filamentous,coarsely branched,,
Plumaria,Plantae,Rhodophyta,Eurhodophytina,,,Florideophyceae,Rhodymeniophycidae,Ceramiales,Wrangeliaceae,,Ptiloteae,filamentous,,,
Pollexfenia,Plantae,Rhodophyta,Eurhodophytina,,,Florideophyceae,Rhodymeniophycidae,Ceramiales,Rhodomelaceae,,Pterosiphonieae,,,,
Polycoelia,Plantae,Rhodophyta,Eurhodophytina,,,Florideophyceae,Rhodymeniophycidae,Gigartinales,Kallymeniaceae,,,sheet,,,
Polyides,Plantae,Rhodophyta,Eurhodophytina,,,Florideophyceae,Rhodymeniophycidae,Gigartinales,Polyidaceae,,,thick leathery,,,
Polyneura,Plantae,Rhodophyta,Eurhodophytina,,,Florideophyceae,Rhodymeniophycidae,Ceramiales,Delesseriaceae,Phycodryoideae,Phycodryeae,sheet,,,
Polyopes,Plantae,Rhodophyta,Eurhodophytina,,,Florideophyceae,Rhodymeniophycidae,Halymeniales,Halymeniaceae,,,,,,
Polysiphonia,Plantae,Rhodophyta,Eurhodophytina,,,Florideophyceae,Rhodymeniophycidae,Ceramiales,Rhodomelaceae,,Polysiphonieae,filamentous,,,
Porphyra,Plantae,Rhodophyta,Eurhodophytina,,,Bangiophycidae,,Bangiales,Bangiaceae,,,sheet,,,
Portieria,Plantae,Rhodophyta,Eurhodophytina,,,Florideophyceae,Rhodymeniophycidae,Gigartinales,Rhizophyllidaceae,,,,,,
Prionitis,Plantae,Rhodophyta,Eurhodophytina,,,Florideophyceae,Rhodymeniophycidae,Halymeniales,Halymeniaceae,,,,,,
Pseudolithophyllum,Plantae,Rhodophyta,Eurhodophytina,,,Florideophyceae,Corallinophycidae,Corallinales,Corallinaceae,,,crust calcifier,,,yes
Pterocladiella,Plantae,Rhodophyta,Eurhodophytina,,,Florideophyceae,Rhodymeniophycidae,Gelidiales,Pterocladiaceae,,,coarsely branched,,,
Pterosiphonia,Plantae,Rhodophyta,Eurhodophytina,,,Florideophyceae,Rhodymeniophycidae,Ceramiales,Rhodomelaceae,,Pterosiphonieae,coarsely branched,filamentous,,
Pterothamnion,Plantae,Rhodophyta,Eurhodophytina,,,Florideophyceae,Rhodymeniophycidae,Ceramiales,Ceramiaceae,Ceramioideae,Pterothamnieae,filamentous,,,
Ptilonia,Plantae,Rhodophyta,Eurhodophytina,,,Florideophyceae,Rhodymeniophycidae,Bonnemaisoniales,Bonnemaisoniaceae,,,,,,
Ptilophora,Plantae,Rhodophyta,Eurhodophytina,,,Florideophyceae,Rhodymeniophycidae,Gelidiales,Gelidiaceae,,,coarsely branched,filamentous,,
Ptilota,Plantae,Rhodophyta,Eurhodophytina,,,Florideophyceae,Rhodymeniophycidae,Ceramiales,Wrangeliaceae,,Ptiloteae,coarsely branched,filamentous,,
Rhodochorton,Plantae,Rhodophyta,Eurhodophytina,,,Florideophyceae,Nemaliophycidae,Acrochaetiales,Acrochaetiaceae,,,filamentous,,,
Rhodomela,Plantae,Rhodophyta,Eurhodophytina,,,Florideophyceae,Rhodymeniophycidae,Ceramiales,Rhodomelaceae,,,coarsely branched,filamentous,,
Rhodophyllis,Plantae,Rhodophyta,Eurhodophytina,,,Florideophyceae,Rhodymeniophycidae,Gigartinales,Cystocloniaceae,,,sheet,,,
Rhodothamniella,Plantae,Rhodophyta,Eurhodophytina,,,Florideophyceae,Nemaliophycidae,Palmariales,Rhodothamniellaceae,,,filamentous,,,
Rhodymenia,Plantae,Rhodophyta,Eurhodophytina,,,Florideophyceae,Rhodymeniophycidae,Rhodymeniales,Rhodymeniaceae,,,sheet,,,
Rytiphlaea,Plantae,Rhodophyta,Eurhodophytina,,,Florideophyceae,Rhodymeniophycidae,Ceramiales,Rhodomelaceae,,Amansieae,filamentous,coarsely branched,,
Sarcodia,Plantae,Rhodophyta,Eurhodophytina,,,Florideophyceae,Rhodymeniophycidae,Plocamiales,Sarcodiaceae,,,,,,
Sarcodiotheca,Plantae,Rhodophyta,Eurhodophytina,,,Florideophyceae,Rhodymeniophycidae,Gigartinales,Solieriaceae,,,,,,
Sarcothalia,Plantae,Rhodophyta,Eurhodophytina,,,Florideophyceae,Rhodymeniophycidae,Gigartinales,Gigartinaceae,,,sheet,,,
Schizoseris,Plantae,Rhodophyta,Eurhodophytina,,,Florideophyceae,Rhodymeniophycidae,Ceramiales,Delesseriaceae,Phycodryoideae,Schizoserideae,sheet,coarsely branched,,
Schizymenia,Plantae,Rhodophyta,Eurhodophytina,,,Florideophyceae,Rhodymeniophycidae,Nemastomatales,Schizymeniaceae,,,sheet,,,
Schottera,Plantae,Rhodophyta,Eurhodophytina,,,Florideophyceae,Rhodymeniophycidae,Gigartinales,Phyllophoraceae,,,sheet,coarsely branched,,
Scinaia,Plantae,Rhodophyta,Eurhodophytina,,,Florideophyceae,Rhodymeniophycidae,Nemaliales,Scinaiaceae,,,,,,
Solieria,Plantae,Rhodophyta,Eurhodophytina,,,Florideophyceae,Rhodymeniophycidae,Gigartinales,Solieriaceae,,,coarsely branched,,,
Sonderopelta,Plantae,Rhodophyta,Eurhodophytina,,,Florideophyceae,Rhodymeniophycidae,Peyssonnaliales,Peyssonneliaceae,,,thick leathery,crust,,
Sparlingia,Plantae,Rhodophyta,Eurhodophytina,,,Florideophyceae,Rhodymeniophycidae,Rhodymeniales,Rhodymeniaceae,,,sheet,,,
Sphaerococcus,Plantae,Rhodophyta,Eurhodophytina,,,Florideophyceae,Rhodymeniophycidae,Gigartinales,Sphaerococcaceae,,,coarsely branched,thick leathery,,
Spongoclonium,Plantae,Rhodophyta,Eurhodophytina,,,Florideophyceae,Rhodymeniophycidae,Ceramiales,Wrangeliaceae,,Spongoclonieae,coarsely branched,,,
Stenogramma,Plantae,Rhodophyta,Eurhodophytina,,,Florideophyceae,Rhodymeniophycidae,Gigartinales,Phyllophoraceae,,,,,,
Symphyocladia,Plantae,Rhodophyta,Eurhodophytina,,,Florideophyceae,Rhodymeniophycidae,Ceramiales,Rhodomelaceae,,,filamentous,,,
Thamnoclonium,Plantae,Rhodophyta,Eurhodophytina,,,Florideophyceae,Rhodymeniophycidae,Halymeniales,Halymeniaceae,,,,,,
Trematocarpus,Plantae,Rhodophyta,Eurhodophytina,,,Florideophyceae,Rhodymeniophycidae,Plocamiales,Sarcodiaceae,,,coarsely branched,thick leathery,,
Tricleocarpa,Plantae,Rhodophyta,Eurhodophytina,,,Florideophyceae,Nemaliophycidae,Nemaliales,Galaxauraceae,,,jointed calcareous,,,yes
Tylotus,Plantae,Rhodophyta,Eurhodophytina,,,Florideophyceae,Rhodymeniophycidae,Gigartinales,Dicranemataceae,,,thick leathery,,,
Vertebrata,Plantae,Rhodophyta,Eurhodophytina,,,Florideophyceae,Rhodymeniophycidae,Ceramiales,Rhodomelaceae,,Polysiphonieae,filamentous,,,
Weeksia,Plantae,Rhodophyta,Eurhodophytina,,,Florideophyceae,Rhodymeniophycidae,Gigartinales,Dumontiaceae,,,sheet,,,
Wrangelia,Plantae,Rhodophyta,Eurhodophytina,,,Florideophyceae,Rhodymeniophycidae,Ceramiales,Wrangeliaceae,,Wrangelieae,filamentous,,,
Wrightiella,Plantae,Rhodophyta,Eurhodophytina,,,Florideophyceae,Rhodymeniophycidae,Ceramiales,Rhodomelaceae,,,filamentous,,,
Yamadaella,Plantae,Rhodophyta,Eurhodophytina,,,Florideophyceae,Nemaliophycidae,Nemaliales,Liagoraceae,,,jointed calcareous,,,yes
Yuzurua,Plantae,Rhodophyta,Eurhodophytina,,,Florideophyceae,Rhodymeniophycidae,Ceramiales,Rhodomelaceae,,Laurencieae,,,,
